,Detail_Short,Floor Size (in sqft),Last_Sold_Date,Last_Sold_Price,Locality,Lot_size,Number of Rooms,Postal_Code,Region,Street,Title,Type,Year_build
0,"52 Chicory Ln , Pennington, NJ 08534-5423 is currently not for sale. The 2,731 sq. ft. single-family home is a 5 bed, 3.0 bath property. This home was built in 1993 and last sold on 7/9/2021 for $790,000. View more property details, sales history and Zestimate data on Zillow.","2,800",07/09/21,"$790,000",Pennington,0.36 Acres,4.0,8534,NJ,50 Chicory Ln,"52 Chicory Ln, Pennington, NJ 08534 | Zillow",Single Family Residence,1993
1,"5 Rockwell Green Dr , Pennington, NJ 08534 is currently not for sale. The sq. ft. single-family home is a 5 bed, 5.0 bath property. This home was built in 2021 and last sold on 7/8/2021 for $999,999. View more property details, sales history and Zestimate data on Zillow.","3,758",07/08/21,"$999,999",Pennington,0.46 Acres,5.0,8534,NJ,1 Rockwell Green Dr,"5 Rockwell Green Dr, Pennington, NJ 08534 | Zillow",Single Family Residence,2021
2,"305 Deer Run Ct , Pennington, NJ 08534-1148 is currently not for sale. The 1,908 sq. ft. townhouse is a 3 bed, 3.0 bath unit. This townhouse was built in 1994 and last sold on 7/8/2021 for $345,000. View more property details, sales history and Zestimate data on Zillow.","1,908",07/08/21,"$345,000",Pennington,"1,742 sqft",,8534,NJ,303 Deer Run Ct,"305 Deer Run Ct, Pennington, NJ 08534 | Zillow",Townhouse,1994
3,"13 Cannon Dr # 1203, Pennington, NJ 08534 is currently not for sale. The 2,269 sq. ft. townhouse is a 3 bed, 3.0 bath unit. This townhouse was built in 2020 and last sold on 7/6/2021 for $484,267. View more property details, sales history and Zestimate data on Zillow.","2,330",07/06/21,"$484,267",Pennington,No Data,,8534,NJ,19 Tucker Way,"13 Cannon Dr #1203, Pennington, NJ 08534 | Zillow",Townhouse,2020
4,"324 Hale St , Pennington, NJ 08534-2705 is currently not for sale. The sq. ft. single-family home is a 4 bed, 5.0 bath property. This home was built in 2012 and last sold on 7/6/2021 for $950,000. View more property details, sales history and Zestimate data on Zillow.","3,582",07/06/21,"$950,000",Pennington,0.28 Acres,,8534,NJ,326 Hale St,"324 Hale St, Pennington, NJ 08534 | Zillow",Single Family Residence,2012
5,"402 Pebble Creek Ct , Pennington, NJ 08534-1945 is currently not for sale. The 2,052 sq. ft. townhouse is a 3 bed, 3.0 bath unit. This townhouse was built in 1994 and last sold on 7/2/2021 for $445,000. View more property details, sales history and Zestimate data on Zillow.","1,908",07/02/21,"$445,000",Pennington,No Data,3.0,8534,NJ,404 Pebble Creek Ct,"402 Pebble Creek Ct, Pennington, NJ 08534 | Zillow",Townhouse,1994
6,"15 Miller Cir , Pennington, NJ 08534-5148 is currently not for sale. The 1,783 sq. ft. townhouse is a 3 bed, 3.0 bath unit. This townhouse was built in 2003 and last sold on 7/1/2021 for $410,000. View more property details, sales history and Zestimate data on Zillow.","2,134",07/01/21,"$410,000",Pennington,No Data,3.0,8534,NJ,17 Miller Cir,"15 Miller Cir, Pennington, NJ 08534 | Zillow",Townhouse,2003
7,"487 Federal City Rd , Pennington, NJ 08534-4210 is currently not for sale. The 1,896 sq. ft. single-family home is a 3 bed, 3.0 bath property. This home was built in 1800 and last sold on 7/1/2021 for $400,000. View more property details, sales history and Zestimate data on Zillow.","2,015",07/01/21,"$400,000",Pennington,0.69 Acres,,8534,NJ,477 Federal City Rd,"487 Federal City Rd, Pennington, NJ 08534 | Zillow",Single Family Residence,1800
8,"Zillow has 21 photos of this $318000 4 bed, bath, 1683 sqft single family home located at 18 Crest Ave built in 1956. MLS #.","1,348",06/30/21,"$318,000",Pennington,,,8534,NJ,20 Crest Ave,"18 Crest Ave, Pennington, NJ 08534 | Zillow",Duplex,1956
9,"204 Sandpiper Ct , Pennington, NJ 08534-5220 is currently not for sale. The 1,908 sq. ft. townhouse is a 3 bed, 2.5 bath unit. This townhouse was built in 1994 and last sold on 6/9/2021 for $335,000. View more property details, sales history and Zestimate data on Zillow.","1,463",06/09/21,"$335,000",Pennington,No Data,2.0,8534,NJ,206 Sandpiper Ct,"204 Sandpiper Ct, Pennington, NJ 08534 | Zillow",Townhouse,1994
10,"214 Ingleside Ave , Pennington, NJ 08534-3103 is currently not for sale. The sq. ft. single-family home is a 3 bed, 2.0 bath property. This home was built in and last sold on 6/7/2021 for $475,000. View more property details, sales history and Zestimate data on Zillow.",,06/07/21,"$475,000",Pennington,1.46 Acres,,8534,NJ,212 Ingleside Ave,"214 Ingleside Ave, Pennington, NJ 08534 | Zillow",Single Family Residence,No Data
11,"327 Burd St , Pennington, NJ 08534-2802 is currently not for sale. The sq. ft. single-family home is a 4 bed, 2.0 bath property. This home was built in 1950 and last sold on 6/7/2021 for $580,000. View more property details, sales history and Zestimate data on Zillow.","1,478",06/07/21,"$580,000",Pennington,"9,147 sqft",,8534,NJ,325 Burd St,"327 Burd St, Pennington, NJ 08534 | Zillow",Single Family Residence,1950
12,"600 Scotch Rd , Pennington, NJ 08534-4110 is currently not for sale. The 2,598 sq. ft. single-family home is a 3 bed, 3.0 bath property. This home was built in 1985 and last sold on 6/7/2021 for $575,000. View more property details, sales history and Zestimate data on Zillow.","3,419",06/07/21,"$575,000",Pennington,2.25 Acres,,8534,NJ,602 Scotch Rd,"600 Scotch Rd, Pennington, NJ 08534 | Zillow",Single Family Residence,1985
13,"1455 Trenton Harb Rd , Pennington, NJ 08534 is currently not for sale. The 1,848 sq. ft. single-family home is a 3 bed, 2.0 bath property. This home was built in 1890 and last sold on 6/4/2021 for $457,500. View more property details, sales history and Zestimate data on Zillow.","1,762",06/04/21,"$457,500",Pennington,1.00 Acres,3.0,8534,NJ,1455 Trenton Harbourton Rd,"1455 Trenton Harb Rd, Pennington, NJ 08534 | Zillow",SingleFamily,1890
14,"80 Woolsey Ct , Pennington, NJ 08534-1428 is currently not for sale. The sq. ft. condo is a 2 bed, 2.0 bath unit. This condo was built in 1995 and last sold on 6/4/2021 for $330,000. View more property details, sales history and Zestimate data on Zillow.",,06/04/21,"$330,000",Pennington,,2.0,8534,NJ,88 Woolsey Ct,"80 Woolsey Ct, Pennington, NJ 08534 | Zillow",Condominium,1995
15,"321 Sked St , Pennington, NJ 08534-2724 is currently not for sale. The sq. ft. single-family home is a 3 bed, 3.0 bath property. This home was built in 1971 and last sold on 6/4/2021 for $560,000. View more property details, sales history and Zestimate data on Zillow.","2,404",06/04/21,"$560,000",Pennington,0.33 Acres,3.0,8534,NJ,319 Sked St,"321 Sked St, Pennington, NJ 08534 | Zillow",Single Family Residence,1971
16,"31 Wash Cross Penn Rd , Pennington, NJ 08534 is currently not for sale. The 1,567 sq. ft. single-family home is a 3 bed, 2.0 bath property. This home was built in 1955 and last sold on 6/3/2021 for $421,000. View more property details, sales history and Zestimate data on Zillow.","1,758",06/03/21,"$421,000",Pennington,0.46 Acres,,8534,NJ,33 Wash Cross Penn Rd,"31 Wash Cross Penn Rd, Pennington, NJ 08534 | Zillow",SingleFamily,1955
17,"286 PENNINGTON LAWRENCEVILLE RD , Pennington, NJ 08534 is currently not for sale. The 1,194 sq. ft. single-family home is a 3 bed, 2.0 bath property. This home was built in 1959 and last sold on 6/1/2021 for $400,000. View more property details, sales history and Zestimate data on Zillow.","1,610",06/01/21,"$400,000",Pennington,0.47 Acres,3.0,8534,NJ,288 Penn Lawrenceville Rd,"286 Pennington Lawrenceville Rd, Pennington, NJ 08534 | Zillow",Single Family Residence,1959
18,"2518 Pennington Rd , Pennington, NJ 08534-5118 is currently not for sale. The 800 sq. ft. single-family home is a 2 bed, 1.0 bath property. This home was built in 1920 and last sold on 5/6/2021 for $215,000. View more property details, sales history and Zestimate data on Zillow.","1,881",05/06/21,"$215,000",Pennington,0.54 Acres,,8534,NJ,2514 Pennington Rd,"2518 Pennington Rd, Pennington, NJ 08534 | Zillow",Single Family Residence,1920
19,"24 Timberlane Dr , Pennington, NJ 08534-1403 is currently not for sale. The 1,669 sq. ft. single-family home is a 3 bed, 2.0 bath property. This home was built in 1956 and last sold on 5/6/2021 for $480,000. View more property details, sales history and Zestimate data on Zillow.","2,000",05/06/21,"$480,000",Pennington,0.70 Acres,4.0,8534,NJ,28 Timberlane Dr,"24 Timberlane Dr, Pennington, NJ 08534 | Zillow",Single Family Residence,1956
20,"273 Pennington Harbourton Rd , Hopewell, NJ 08534 is currently not for sale. The 2,066 sq. ft. single-family home is a 3 bed, 2.0 bath property. This home was built in 1954 and last sold on 5/4/2021 for $440,000. View more property details, sales history and Zestimate data on Zillow.","1,608",05/04/21,"$440,000",Pennington,1.14 Acres,,8534,NJ,275 Penn Harbourton Rd,"273 Pennington Harbourton Rd, Hopewell, NJ 08534 | Zillow",Single Family Residence,1954
21,"Brandon Rd W , Pennington, NJ 08534 is currently not for sale. The vacant lot last sold on 5/4/2021 for $330,000, with a recorded lot size of acres ( sq. ft.). View more property details, sales history and Zestimate data on Zillow.","2,667",05/04/21,"$330,000",Pennington,,4.0,8534,NJ,101 Brandon Rd,"Brandon Rd W, Pennington, NJ 08534 | Zillow",VacantLand,No Data
22,"10 Birch St , Pennington, NJ 08534-3304 is currently not for sale. The sq. ft. single-family home is a 4 bed, 3.0 bath property. This home was built in 1957 and last sold on 5/3/2021 for $751,000. View more property details, sales history and Zestimate data on Zillow.","4,748",05/03/21,"$751,000",Pennington,0.93 Acres,5.0,8534,NJ,12 Birch St,"10 Birch St, Pennington, NJ 08534 | Zillow",Single Family Residence,1957
23,"16 Ingleside Ave , Pennington, NJ 08534-2709 is currently not for sale. The 2,140 sq. ft. single-family home is a 4 bed, 3.0 bath property. This home was built in 1923 and last sold on 4/30/2021 for $500,000. View more property details, sales history and Zestimate data on Zillow.","2,612",04/30/21,"$500,000",Pennington,0.46 Acres,,8534,NJ,20 Ingleside Ave,"16 Ingleside Ave, Pennington, NJ 08534 | Zillow",Single Family Residence,1923
24,"41 Navesink Dr , Pennington, NJ 08534-1904 is currently not for sale. The 2,462 sq. ft. single-family home is a 4 bed, 3.0 bath property. This home was built in 1993 and last sold on 4/30/2021 for $535,000. View more property details, sales history and Zestimate data on Zillow.","1,897",04/30/21,"$535,000",Pennington,0.25 Acres,3.0,8534,NJ,39 Navesink Dr,"41 Navesink Dr, Pennington, NJ 08534 | Zillow",Single Family Residence,1993
25,"10 Avalon Rd , Pennington, NJ 08534-5159 is currently not for sale. The 2,598 sq. ft. single-family home is a 4 bed, 3.0 bath property. This home was built in 1997 and last sold on 4/30/2021 for $676,000. View more property details, sales history and Zestimate data on Zillow.","2,409",04/30/21,"$676,000",Pennington,0.25 Acres,,8534,NJ,8 Avalon Rd,"10 Avalon Rd, Pennington, NJ 08534 | Zillow",Single Family Residence,1997
26,"214 Kentshire Ct , Pennington, NJ 08534-1988 is currently not for sale. The sq. ft. townhouse is a 3 bed, 3.0 bath unit. This townhouse was built in 1994 and last sold on 4/28/2021 for $440,000. View more property details, sales history and Zestimate data on Zillow.","1,477",04/28/21,"$440,000",Pennington,No Data,2.0,8534,NJ,212 Kentshire Ct,"214 Kentshire Ct, Pennington, NJ 08534 | Zillow",Townhouse,1994
27,"115 Route 31 S , Pennington, NJ 08534-3508 is currently not for sale. The 1,228 sq. ft. single-family home is a 3 bed, 1.0 bath property. This home was built in 1950 and last sold on 3/25/2021 for $359,900. View more property details, sales history and Zestimate data on Zillow.","1,941",03/25/21,"$359,900",Pennington,0.46 Acres,3.0,8534,NJ,113 Route 31 S,"115 Route 31 S, Pennington, NJ 08534 | Zillow",Single Family Residence,1950
28,"208 S Main St , Pennington, NJ 08534-2825 is currently not for sale. The 2,440 sq. ft. single-family home is a 4 bed, 3.0 bath property. This home was built in 1838 and last sold on 3/25/2021 for $728,000. View more property details, sales history and Zestimate data on Zillow.","2,740",03/25/21,"$728,000",Pennington,"8,276 sqft",4.0,8534,NJ,212 S Main St,"208 S Main St, Pennington, NJ 08534 | Zillow",Single Family Residence,1838
29,"12 S Main St Apt 1F, Pennington, NJ 08534-2840 is currently not for sale. The 930 sq. ft. condo is a bed, bath unit. This condo was built in 2002 and last sold on 3/24/2021 for $212,000. View more property details, sales history and Zestimate data on Zillow.",,03/24/21,"$212,000",Pennington,,2.0,8534,NJ,12 S Main St APT 10,"12 S Main St APT 1F, Pennington, NJ 08534 | Zillow",Condo,2002
30,"105 Laning Ave , Pennington, NJ 08534-2736 is currently not for sale. The 2,306 sq. ft. single-family home is a 4 bed, 2.0 bath property. This home was built in 1930 and last sold on 3/24/2021 for $537,000. View more property details, sales history and Zestimate data on Zillow.","1,982",03/24/21,"$537,000",Pennington,0.26 Acres,,8534,NJ,103 Laning Ave,"105 Laning Ave, Pennington, NJ 08534 | Zillow",Single Family Residence,1930
31,"42 Tucker Way , Pennington, NJ 08534-3113 is currently not for sale. The 2,269 sq. ft. townhouse is a 3 bed, 3.0 bath unit. This townhouse was built in 2020 and last sold on 3/23/2021 for $438,122. View more property details, sales history and Zestimate data on Zillow.","2,488",03/23/21,"$438,122",Pennington,No Data,3.0,8534,NJ,14 Tucker Way,"42 Tucker Way, Pennington, NJ 08534 | Zillow",Townhouse,2020
32,"8 Bramble Dr , Pennington, NJ 08534-1127 is currently not for sale. The 4,580 sq. ft. single-family home is a 5 bed, 4.0 bath property. This home was built in 2015 and last sold on 3/23/2021 for $800,000. View more property details, sales history and Zestimate data on Zillow.","2,871",03/23/21,"$800,000",Pennington,0.46 Acres,,8534,NJ,10 Bramble Dr,"8 Bramble Dr, Pennington, NJ 08534 | Zillow",Single Family Residence,2015
33,"903 Pebble Creek Ct , Pennington, NJ 08534-1948 is currently not for sale. The 1,477 sq. ft. townhouse is a 3 bed, 3.0 bath unit. This townhouse was built in 1994 and last sold on 3/23/2021 for $330,000. View more property details, sales history and Zestimate data on Zillow.","2,052",03/23/21,"$330,000",Pennington,No Data,3.0,8534,NJ,901 Pebble Creek Ct,"903 Pebble Creek Ct, Pennington, NJ 08534 | Zillow",Townhouse,1994
34,"Penn Hopewell Rd , Hopewell, NJ 08525 is currently not for sale. The vacant lot last sold on 3/23/2021 for $1,900,000, with a recorded lot size of acres ( sq. ft.). View more property details, sales history and Zestimate data on Zillow.",,03/23/21,"$1,900,000",Hopewell,,,8525,NJ,Penn Hopewell Rd,"Penn Hopewell Rd, Hopewell, NJ 08525 | Zillow",VacantLand,No Data
35,"24 Academy Ct , Pennington, NJ 08534-2834 is currently not for sale. The sq. ft. single-family home is a 2 bed, 3.0 bath property. This home was built in 1986 and last sold on 3/22/2021 for $275,000. View more property details, sales history and Zestimate data on Zillow.",,03/22/21,"$275,000",Pennington,No Data,2.0,8534,NJ,23 Academy Ct,"24 Academy Ct, Pennington, NJ 08534 | Zillow",Single Family Residence,1986
36,"40 Voorhees Ct , Pennington, NJ 08534-5253 is currently not for sale. The 2,052 sq. ft. townhouse is a 3 bed, 3.0 bath unit. This townhouse was built in 1994 and last sold on 2/19/2021 for $350,000. View more property details, sales history and Zestimate data on Zillow.","1,908",02/19/21,"$350,000",Pennington,No Data,3.0,8534,NJ,38 Voorhees Ct,"40 Voorhees Ct, Pennington, NJ 08534 | Zillow",Townhouse,1994
37,"503 Bollen Ct , Pennington, NJ 08534-5226 is currently not for sale. The 1,477 sq. ft. townhouse is a 2 bed, 3.0 bath unit. This townhouse was built in 1994 and last sold on 2/19/2021 for $300,000. View more property details, sales history and Zestimate data on Zillow.","1,463",02/19/21,"$300,000",Pennington,No Data,2.0,8534,NJ,505 Bollen Ct,"503 Bollen Ct, Pennington, NJ 08534 | Zillow",Townhouse,1994
38,"31 Blake Dr , Pennington, NJ 08534-5194 is currently not for sale. The 2,312 sq. ft. townhouse is a 3 bed, 3.0 bath unit. This townhouse was built in 2004 and last sold on 2/17/2021 for $384,000. View more property details, sales history and Zestimate data on Zillow.","1,960",02/17/21,"$384,000",Pennington,No Data,3.0,8534,NJ,29 Blake Dr,"31 Blake Dr, Pennington, NJ 08534 | Zillow",Townhouse,2004
39,"110 Crawley Ave , Pennington, NJ 08534-2813 is currently not for sale. The sq. ft. single-family home is a 4 bed, 3.0 bath property. This home was built in 1905 and last sold on 2/16/2021 for $490,000. View more property details, sales history and Zestimate data on Zillow.","1,640",02/16/21,"$490,000",Pennington,"8,276 sqft",4.0,8534,NJ,112 Crawley Ave,"110 Crawley Ave, Pennington, NJ 08534 | Zillow",Single Family Residence,1905
40,"57 Lexington Dr , Pennington, NJ 08534-5169 is currently not for sale. The 1,909 sq. ft. single-family home is a 2 bed, 2.0 bath property. This home was built in 2005 and last sold on 2/16/2021 for $395,000. View more property details, sales history and Zestimate data on Zillow.","2,492",02/16/21,"$395,000",Pennington,"6,969 sqft",,8534,NJ,59 Lexington Dr,"57 Lexington Dr, Pennington, NJ 08534 | Zillow",Single Family Residence,2005
41,"116 Woolsey Ct , Pennington, NJ 08534-1424 is currently not for sale. The 1,458 sq. ft. townhouse is a 3 bed, 3.0 bath unit. This townhouse was built in 1995 and last sold on 2/15/2021 for $355,000. View more property details, sales history and Zestimate data on Zillow.","1,290",02/15/21,"$355,000",Pennington,No Data,2.0,8534,NJ,122 Woolsey Ct,"116 Woolsey Ct, Pennington, NJ 08534 | Zillow",Townhouse,1995
42,"2 Hope St , Pennington, NJ 08534-5152 is currently not for sale. The 1,726 sq. ft. single-family home is a 2 bed, 2.0 bath property. This home was built in 1997 and last sold on 2/15/2021 for $380,000. View more property details, sales history and Zestimate data on Zillow.","1,868",02/15/21,"$380,000",Pennington,"8,712 sqft",,8534,NJ,4 Hope St,"2 Hope St, Pennington, NJ 08534 | Zillow",Single Family Residence,1997
43,"406 Bollen Ct , Pennington, NJ 08534-5236 is currently not for sale. The 2,063 sq. ft. townhouse is a 3 bed, 3.0 bath unit. This townhouse was built in 1994 and last sold on 2/12/2021 for $375,000. View more property details, sales history and Zestimate data on Zillow.","1,908",02/12/21,"$375,000",Pennington,No Data,,8534,NJ,404 Bollen Ct,"406 Bollen Ct, Pennington, NJ 08534 | Zillow",Townhouse,1994
44,"38 Diverty Rd , Pennington, NJ 08534-5009 is currently not for sale. The 1,043 sq. ft. single-family home is a 2 bed, 1.0 bath property. This home was built in 1940 and last sold on 2/9/2021 for $345,000. View more property details, sales history and Zestimate data on Zillow.","1,410",02/09/21,"$345,000",Pennington,1.17 Acres,3.0,8534,NJ,36 Diverty Rd,"38 Diverty Rd, Pennington, NJ 08534 | Zillow",Single Family Residence,1940
45,"1446 Trenton Harb Rd , Pennington, NJ 08534 is currently not for sale. The 1,817 sq. ft. single-family home is a 3 bed, 3.0 bath property. This home was built in 1970 and last sold on 1/12/2021 for $390,000. View more property details, sales history and Zestimate data on Zillow.","1,817",01/12/21,"$390,000",Pennington,1.83 Acres,3.0,8534,NJ,1446 Trenton Harbourton Rd,"1446 Trenton Harb Rd, Pennington, NJ 08534 | Zillow",SingleFamily,1970
46,"10 Cannon Dr # A, Pennington, NJ 08534-3115 is currently not for sale. The vacant lot last sold on 1/8/2021 for $110,000, with a recorded lot size of acres ( sq. ft.). View more property details, sales history and Zestimate data on Zillow.",,01/08/21,"$110,000",Pennington,,0.0,8534,NJ,17 Cannon Dr,"10 Cannon Dr #A, Pennington, NJ 08534 | Zillow",VacantLand,No Data
47,"53 Temple Ct , Pennington, NJ 08534-5151 is currently not for sale. The 1,443 sq. ft. single-family home is a 2 bed, 2.0 bath property. This home was built in 1997 and last sold on 1/8/2021 for $315,000. View more property details, sales history and Zestimate data on Zillow.","1,682",01/08/21,"$315,000",Pennington,"7,405 sqft",2.0,8534,NJ,51 Temple Ct,"53 Temple Ct, Pennington, NJ 08534 | Zillow",Single Family Residence,1997
48,"22 Hallett Dr , Pennington, NJ 08534-4015 is currently not for sale. The 4,417 sq. ft. single-family home is a 5 bed, 6.0 bath property. This home was built in 2004 and last sold on 1/8/2021 for $878,017. View more property details, sales history and Zestimate data on Zillow.","5,556",01/08/21,"$878,017",Pennington,1.89 Acres,5.0,8534,NJ,20 Hallett Dr,"22 Hallett Dr, Pennington, NJ 08534 | Zillow",SingleFamily,2004
49,"38 W Shore Dr , Pennington, NJ 08534-2121 is currently not for sale. The 2,893 sq. ft. single-family home is a 4 bed, 3.0 bath property. This home was built in 1978 and last sold on 1/6/2021 for $685,000. View more property details, sales history and Zestimate data on Zillow.","2,259",01/06/21,"$685,000",Pennington,1.37 Acres,4.0,8534,NJ,40 W Shore Dr,"38 W Shore Dr, Pennington, NJ 08534 | Zillow",Single Family Residence,1978
50,"39 Temple Ct , Pennington, NJ 08534-5151 is currently not for sale. The 1,849 sq. ft. single-family home is a 3 bed, 2.0 bath property. This home was built in 1997 and last sold on 1/4/2021 for $393,000. View more property details, sales history and Zestimate data on Zillow.","1,956",01/04/21,"$393,000",Pennington,"7,405 sqft",3.0,8534,NJ,41 Temple Ct,"39 Temple Ct, Pennington, NJ 08534 | Zillow",Single Family Residence,1997
51,"161 Bull Run Rd , Pennington, NJ 08534-1248 is currently not for sale. The 2,432 sq. ft. single-family home is a bed, bath property. This home was built in 1955 and last sold on 1/4/2021 for $424,500. View more property details, sales history and Zestimate data on Zillow.","2,753",01/04/21,"$424,500",Pennington,1 Acres,,8534,NJ,159 Bull Run Rd,"161 Bull Run Rd, Pennington, NJ 08534 | Zillow",SingleFamily,1955
52,"26 Academy Ct , Pennington, NJ 08534-2834 is currently not for sale. The 1,720 sq. ft. condo is a 2 bed, 3.0 bath unit. This condo was built in 1986 and last sold on 12/31/2020 for $295,000. View more property details, sales history and Zestimate data on Zillow.",960,12/31/20,"$295,000",Pennington,,2.0,8534,NJ,25 Academy Ct,"26 Academy Ct, Pennington, NJ 08534 | Zillow",Condominium,1986
53,"165 Bull Run Rd , Pennington, NJ 08534-1248 is currently not for sale. The sq. ft. single-family home is a 4 bed, 3.0 bath property. This home was built in 1962 and last sold on 12/30/2020 for $424,500. View more property details, sales history and Zestimate data on Zillow.","1,251",12/30/20,"$424,500",Pennington,1.28 Acres,3.0,8534,NJ,169 Bull Run Rd,"165 Bull Run Rd, Pennington, NJ 08534 | Zillow",Single Family Residence,1962
54,"253 Colt St , Pennington, NJ 08534-5173 is currently not for sale. The 2,386 sq. ft. townhouse is a 4 bed, 3.0 bath unit. This townhouse was built in 1997 and last sold on 11/30/2020 for $464,000. View more property details, sales history and Zestimate data on Zillow.","2,186",11/30/20,"$464,000",Pennington,No Data,3.0,8534,NJ,251 Colt St,"253 Colt St, Pennington, NJ 08534 | Zillow",Townhouse,1997
55,"48 Poor Farm Rd , Pennington, NJ 08534-3801 is currently not for sale. The sq. ft. single-family home is a 5 bed, 4.0 bath property. This home was built in and last sold on 11/30/2020 for $865,000. View more property details, sales history and Zestimate data on Zillow.","3,100",11/30/20,"$865,000",Pennington,2 Acres,4.0,8534,NJ,30 Poor Farm Rd,"48 Poor Farm Rd, Pennington, NJ 08534 | Zillow",Single Family Residence,No Data
56,"34 Tucker Way , Pennington, NJ 08534-3113 is currently not for sale. The 2,496 sq. ft. townhouse is a 3 bed, 4.0 bath unit. This townhouse was built in 2020 and last sold on 11/28/2020 for $508,478. View more property details, sales history and Zestimate data on Zillow.","2,330",11/28/20,"$508,478",Pennington,No Data,,8534,NJ,7 Cannon Dr,"34 Tucker Way, Pennington, NJ 08534 | Zillow",Townhouse,2020
57,"148 Coburn Rd , Pennington, NJ 08534-5144 is currently not for sale. The 2,386 sq. ft. condo is a 4 bed, 4.0 bath unit. This condo was built in 1997 and last sold on 11/25/2020 for $469,000. View more property details, sales history and Zestimate data on Zillow.","2,186",11/25/20,"$469,000",Pennington,,3.0,8534,NJ,156 Coburn Rd,"148 Coburn Rd, Pennington, NJ 08534 | Zillow",Condominium,1997
58,"709 Pebble Creek Ct , Pennington, NJ 08534-1954 is currently not for sale. The 2,052 sq. ft. townhouse is a 3 bed, 3.0 bath unit. This townhouse was built in 1994 and last sold on 11/25/2020 for $372,000. View more property details, sales history and Zestimate data on Zillow.","1,908",11/25/20,"$372,000",Pennington,No Data,3.0,8534,NJ,707 Pebble Creek Ct,"709 Pebble Creek Ct, Pennington, NJ 08534 | Zillow",Townhouse,1994
59,"50 Pennington Lawrenceville Rd , Pennington, NJ 08534-3211 is currently not for sale. The 1,988 sq. ft. single-family home is a 3 bed, 2.0 bath property. This home was built in 1954 and last sold on 11/24/2020 for $390,000. View more property details, sales history and Zestimate data on Zillow.","1,988",11/24/20,"$390,000",Princeton,0.32 Acres,3.0,8540,NJ,50 Lawrence Dr,"50 Pennington Lawrenceville Rd, Pennington, NJ 08534 | Zillow",Single Family Residence,1954
60,"21 Timberlane Dr , Pennington, NJ 08534-1404 is currently not for sale. The 1,989 sq. ft. single-family home is a bed, bath property. This home was built in 1955 and last sold on 11/24/2020 for $295,000. View more property details, sales history and Zestimate data on Zillow.","3,400",11/24/20,"$295,000",Pennington,0.93 Acres,5.0,8534,NJ,23 Timberlane Dr,"21 Timberlane Dr, Pennington, NJ 08534 | Zillow",SingleFamily,1955
61,"20 Lexington Dr , Pennington, NJ 08534-5168 is currently not for sale. The 2,579 sq. ft. single-family home is a 4 bed, 4.0 bath property. This home was built in 2003 and last sold on 11/23/2020 for $592,250. View more property details, sales history and Zestimate data on Zillow.","2,678",11/23/20,"$592,250",Pennington,"6,969 sqft",,8534,NJ,22 Lexington Dr,"20 Lexington Dr, Pennington, NJ 08534 | Zillow",Single Family Residence,2003
62,"14 Baker Way , Pennington, NJ 08534-4013 is currently not for sale. The 4,631 sq. ft. single-family home is a 4 bed, 4.0 bath property. This home was built in 2002 and last sold on 11/23/2020 for $660,000. View more property details, sales history and Zestimate data on Zillow.","5,420",11/23/20,"$660,000",Pennington,2.22 Acres,,8534,NJ,16 Baker Way,"14 Baker Way, Pennington, NJ 08534 | Zillow",Single Family Residence,2002
63,"25 Fanning Way , Pennington, NJ 08534-5133 is currently not for sale. The 2,586 sq. ft. single-family home is a 4 bed, 3.0 bath property. This home was built in 1996 and last sold on 10/23/2020 for $540,000. View more property details, sales history and Zestimate data on Zillow.","2,586",10/23/20,"$540,000",Pennington,"10,018 sqft",4.0,8534,NJ,23 Fanning Way,"25 Fanning Way, Pennington, NJ 08534 | Zillow",Single Family Residence,1996
64,"229 Colt St , Pennington, NJ 08534-5173 is currently not for sale. The 2,080 sq. ft. townhouse is a 3 bed, 3.0 bath unit. This townhouse was built in 1997 and last sold on 10/23/2020 for $426,400. View more property details, sales history and Zestimate data on Zillow.",,10/23/20,"$426,400",Pennington,No Data,3.0,8534,NJ,231 Colt St,"229 Colt St, Pennington, NJ 08534 | Zillow",Townhouse,1997
65,"131 Treymore Ct , Pennington, NJ 08534-1986 is currently not for sale. The 1,908 sq. ft. townhouse is a 3 bed, 3.0 bath unit. This townhouse was built in 1994 and last sold on 10/23/2020 for $375,000. View more property details, sales history and Zestimate data on Zillow.","1,463",10/23/20,"$375,000",Pennington,No Data,,8534,NJ,129 Treymore Ct,"131 Treymore Ct, Pennington, NJ 08534 | Zillow",Townhouse,1994
66,"86 Federal City Rd , Lawrence Township, NJ 08648-1506 is currently not for sale. The 2,071 sq. ft. single-family home is a 3 bed, 2.0 bath property. This home was built in 1916 and last sold on 10/22/2020 for $425,000. View more property details, sales history and Zestimate data on Zillow.",,10/22/20,"$425,000",Trenton,0.61 Acres,,8648,NJ,86 Federal City Rd,"86 Federal City Rd, Lawrence Township, NJ 08648 | Zillow",Single Family Residence,1916
67,"7 Hope St , Pennington, NJ 08534-5152 is currently not for sale. The 1,849 sq. ft. single-family home is a 3 bed, 2.0 bath property. This home was built in 1997 and last sold on 10/21/2020 for $390,000. View more property details, sales history and Zestimate data on Zillow.","2,185",10/21/20,"$390,000",Pennington,"7,405 sqft",,8534,NJ,5 Hope St,"7 Hope St, Pennington, NJ 08534 | Zillow",Single Family Residence,1997
68,"209 Pennington Lawrenceville Rd , Pennington, NJ 08534-5113 is currently not for sale. The vacant lot last sold on 10/19/2020 for $74,900, with a recorded lot size of acres ( sq. ft.). View more property details, sales history and Zestimate data on Zillow.","1,296",10/19/20,"$74,900",Pennington,,,8534,NJ,207 Penn Lawrenceville Rd,"209 Pennington Lawrenceville Rd, Pennington, NJ 08534 | Zillow",Unimproved Land,No Data
69,"10 Vannoy Ave , Pennington, NJ 08534-3201 is currently not for sale. The sq. ft. single-family home is a 3 bed, 2.0 bath property. This home was built in 1935 and last sold on 10/19/2020 for $575,000. View more property details, sales history and Zestimate data on Zillow.",,10/19/20,"$575,000",Pennington,3.48 Acres,,8534,NJ,10 Vannoy Ave,"10 Vannoy Ave, Pennington, NJ 08534 | Zillow",SingleFamily,1935
70,"2601 Pennington Rd , Pennington, NJ 08534-3208 is currently not for sale. The sq. ft. single-family home is a 3 bed, 4.0 bath property. This home was built in 1890 and last sold on 10/16/2020 for $420,000. View more property details, sales history and Zestimate data on Zillow.","1,433",10/16/20,"$420,000",Pennington,2.10 Acres,,8534,NJ,2593 Pennington Rd,"2601 Pennington Rd, Pennington, NJ 08534 | Zillow",Single Family Residence,1890
71,"32 Woolsey Ct , Pennington, NJ 08534-1425 is currently not for sale. The sq. ft. condo is a 3 bed, 3.0 bath unit. This condo was built in 1995 and last sold on 10/16/2020 for $305,000. View more property details, sales history and Zestimate data on Zillow.","1,194",10/16/20,"$305,000",Pennington,,,8534,NJ,88 Woolsey Ct,"32 Woolsey Ct, Pennington, NJ 08534 | Zillow",Condominium,1995
72,"109 Bollen Ct , Pennington, NJ 08534-5234 is currently not for sale. The 2,052 sq. ft. townhouse is a 3 bed, 3.0 bath unit. This townhouse was built in 1994 and last sold on 9/22/2020 for $380,000. View more property details, sales history and Zestimate data on Zillow.","1,908",09/22/20,"$380,000",Pennington,No Data,3.0,8534,NJ,107 Bollen Ct,"109 Bollen Ct, Pennington, NJ 08534 | Zillow",Townhouse,1994
73,"300 Penn Lawrenceville Rd , Pennington, NJ 08534 is currently not for sale. The 1,826 sq. ft. single-family home is a 4 bed, 2.0 bath property. This home was built in 1959 and last sold on 9/22/2020 for $325,000. View more property details, sales history and Zestimate data on Zillow.","1,826",09/22/20,"$325,000",Pennington,0.46 Acres,4.0,8534,NJ,300 Pennington Lawrenceville Rd,"300 Penn Lawrenceville Rd, Pennington, NJ 08534 | Zillow",SingleFamily,1959
74,"307 Tuxford Ct , Pennington, NJ 08534-1146 is currently not for sale. The 2,394 sq. ft. townhouse is a 3 bed, 3.0 bath unit. This townhouse was built in 1994 and last sold on 9/22/2020 for $380,000. View more property details, sales history and Zestimate data on Zillow.","1,908",09/22/20,"$380,000",Pennington,No Data,3.0,8534,NJ,305 Tuxford Ct,"307 Tuxford Ct, Pennington, NJ 08534 | Zillow",Townhouse,1994
75,"213 Hale St , Pennington, NJ 08534-2704 is currently not for sale. The 1,740 sq. ft. single-family home is a 4 bed, 2.0 bath property. This home was built in 1960 and last sold on 9/18/2020 for $482,500. View more property details, sales history and Zestimate data on Zillow.","1,540",09/18/20,"$482,500",Pennington,"7,405 sqft",,8534,NJ,215 Hale St,"213 Hale St, Pennington, NJ 08534 | Zillow",Single Family Residence,1960
76,"47 Brandon Rd W , Pennington, NJ 08534-5257 is currently not for sale. The sq. ft. single-family home is a 4 bed, 4.0 bath property. This home was built in 1996 and last sold on 9/18/2020 for $641,000. View more property details, sales history and Zestimate data on Zillow.","4,000",09/18/20,"$641,000",Pennington,0.45 Acres,5.0,8534,NJ,45 Brandon Rd W,"47 Brandon Rd W, Pennington, NJ 08534 | Zillow",Single Family Residence,1996
77,"269 Westcott Blvd , Pennington, NJ 08534-1832 is currently not for sale. The 2,098 sq. ft. single-family home is a 4 bed, 3.0 bath property. This home was built in 1972 and last sold on 9/18/2020 for $441,000. View more property details, sales history and Zestimate data on Zillow.","2,180",09/18/20,"$441,000",Pennington,0.53 Acres,,8534,NJ,271 Westcott Blvd,"269 Westcott Blvd, Pennington, NJ 08534 | Zillow",Single Family Residence,1972
78,"126 Shrewsbury Ct , Pennington, NJ 08534-5409 is currently not for sale. The 1,100 sq. ft. townhouse is a 2 bed, 2.0 bath unit. This townhouse was built in 1994 and last sold on 9/17/2020 for $155,000. View more property details, sales history and Zestimate data on Zillow.","1,100",09/17/20,"$155,000",Pennington,No Data,2.0,8534,NJ,128 Shrewsbury Ct,"126 Shrewsbury Ct, Pennington, NJ 08534 | Zillow",Townhouse,1994
79,"25 Burd Rd , Pennington, NJ 08534-3902 is currently not for sale. The 1,228 sq. ft. single-family home is a 3 bed, 1.0 bath property. This home was built in 1955 and last sold on 9/16/2020 for $340,000. View more property details, sales history and Zestimate data on Zillow.","2,978",09/16/20,"$340,000",Pennington,1.96 Acres,,8534,NJ,23 Burd Rd,"25 Burd Rd, Pennington, NJ 08534 | Zillow",Single Family Residence,1955
80,"300 Pennington Lawrenceville Rd , Pennington, NJ 08534 is currently not for sale. The 1,826 sq. ft. single-family home is a 4 bed, 2.0 bath property. This home was built in 1959 and last sold on 9/15/2020 for $325,000. View more property details, sales history and Zestimate data on Zillow.","1,826",09/15/20,"$325,000",Pennington,0.46 Acres,4.0,8534,NJ,300 Penn Lawrenceville Rd,"300 Pennington Lawrenceville Rd, Pennington, NJ 08534 | Zillow",Single Family Residence,1959
81,"300 N Main St , Pennington, NJ 08534 is currently not for sale. The sq. ft. single-family home is a 4 bed, 4.0 bath property. This home was built in 2005 and last sold on 8/25/2020 for $600,000. View more property details, sales history and Zestimate data on Zillow.","3,180",08/25/20,"$600,000",Pennington,0.50 Acres,5.0,8534,NJ,302 N Main St,"300 N Main St, Pennington, NJ 08534 | Zillow",Single Family Residence,2005
82,"2 Kentsdale Dr , Pennington, NJ 08534-1935 is currently not for sale. The 2,265 sq. ft. single-family home is a 4 bed, 3.0 bath property. This home was built in 1993 and last sold on 8/21/2020 for $564,900. View more property details, sales history and Zestimate data on Zillow.","2,501",08/21/20,"$564,900",Pennington,0.32 Acres,4.0,8534,NJ,4 Kentsdale Dr,"2 Kentsdale Dr, Pennington, NJ 08534 | Zillow",Single Family Residence,1993
83,"122 King George Rd , Pennington, NJ 08534-2318 is currently not for sale. The sq. ft. single-family home is a 4 bed, 3.0 bath property. This home was built in 1925 and last sold on 8/20/2020 for $620,000. View more property details, sales history and Zestimate data on Zillow.","2,472",08/20/20,"$620,000",Pennington,0.26 Acres,4.0,8534,NJ,120 King George Rd,"122 King George Rd, Pennington, NJ 08534 | Zillow",Single Family Residence,1925
84,"410 Reading St , Pennington, NJ 08534 is currently not for sale. The 1,470 sq. ft. single-family home is a 3 bed, 3.0 bath property. This home was built in 1986 and last sold on 8/19/2020 for $430,000. View more property details, sales history and Zestimate data on Zillow.",,08/19/20,"$430,000",Pennington,0.86 Acres,3.0,8534,NJ,410 Reading Ave,"410 Reading St, Pennington, NJ 08534 | Zillow",SingleFamily,1986
85,"3 Tucker Way , Pennington, NJ 08534-3114 is currently not for sale. The 2,501 sq. ft. condo is a bed, bath unit. This condo was built in 2019 and last sold on 8/19/2020 for $495,000. View more property details, sales history and Zestimate data on Zillow.","2,490",08/19/20,"$495,000",Pennington,,,8534,NJ,2 Tucker Way,"3 Tucker Way, Pennington, NJ 08534 | Zillow",Condo,2019
86,"105 W Welling Ave , Pennington, NJ 08534-2730 is currently not for sale. The sq. ft. single-family home is a 4 bed, 3.0 bath property. This home was built in 1912 and last sold on 8/18/2020 for $625,000. View more property details, sales history and Zestimate data on Zillow.","1,396",08/18/20,"$625,000",Pennington,"7,840 sqft",,8534,NJ,107 W Welling Ave,"105 W Welling Ave, Pennington, NJ 08534 | Zillow",Single Family Residence,1912
87,"8 Michael Way , Pennington, NJ 08534-9606 is currently not for sale. The 4,983 sq. ft. single-family home is a 4 bed, 4.0 bath property. This home was built in 1988 and last sold on 8/18/2020 for $780,000. View more property details, sales history and Zestimate data on Zillow.","3,620",08/18/20,"$780,000",Pennington,2.27 Acres,5.0,8534,NJ,10 Michael Way,"8 Michael Way, Pennington, NJ 08534 | Zillow",Single Family Residence,1988
88,"114 Laning Ave , Pennington, NJ 08534-2735 is currently not for sale. The sq. ft. single-family home is a 1 bed, 1.0 bath property. This home was built in 1932 and last sold on 8/17/2020 for $290,000. View more property details, sales history and Zestimate data on Zillow.","2,750",08/17/20,"$290,000",Pennington,0.26 Acres,5.0,8534,NJ,116 Laning Ave,"114 Laning Ave, Pennington, NJ 08534 | Zillow",Single Family Residence,1932
89,"21 Shara Ln , Pennington, NJ 08534-4216 is currently not for sale. The sq. ft. single-family home is a 4 bed, 5.0 bath property. This home was built in 1996 and last sold on 8/17/2020 for $765,000. View more property details, sales history and Zestimate data on Zillow.","3,477",08/17/20,"$765,000",Pennington,1.88 Acres,4.0,8534,NJ,23 Shara Ln,"21 Shara Ln, Pennington, NJ 08534 | Zillow",Single Family Residence,1996
90,"424 S Main St , Pennington, NJ 08534-2715 is currently not for sale. The sq. ft. single-family home is a 3 bed, 3.0 bath property. This home was built in 1919 and last sold on 7/15/2020 for $563,000. View more property details, sales history and Zestimate data on Zillow.","1,716",07/15/20,"$563,000",Pennington,0.46 Acres,4.0,8534,NJ,422 S Main St,"424 S Main St, Pennington, NJ 08534 | Zillow",Single Family Residence,1919
91,"20 Flower Hill Dr , Pennington, NJ 08534-5304 is currently not for sale. The 1,486 sq. ft. single-family home is a 3 bed, 2.0 bath property. This home was built in 1970 and last sold on 7/15/2020 for $240,000. View more property details, sales history and Zestimate data on Zillow.","1,776",07/15/20,"$240,000",Pennington,0.46 Acres,,8534,NJ,22 Flower Hill Dr,"20 Flower Hill Dr, Pennington, NJ 08534 | Zillow",Single Family Residence,1970
92,"9 Linden Ln , Pennington, NJ 08534-2918 is currently not for sale. The 3,655 sq. ft. single-family home is a 4 bed, 4.0 bath property. This home was built in 1990 and last sold on 7/15/2020 for $760,000. View more property details, sales history and Zestimate data on Zillow.","4,516",07/15/20,"$760,000",Pennington,0.70 Acres,,8534,NJ,7 Linden Ln,"9 Linden Ln, Pennington, NJ 08534 | Zillow",Single Family Residence,1990
93,"421 S Main St , Pennington, NJ 08534-2716 is currently not for sale. The sq. ft. single-family home is a 4 bed, 3.0 bath property. This home was built in 1890 and last sold on 7/15/2020 for $520,000. View more property details, sales history and Zestimate data on Zillow.","1,982",07/15/20,"$520,000",Pennington,0.94 Acres,4.0,8534,NJ,423 S Main St,"421 S Main St, Pennington, NJ 08534 | Zillow",Single Family Residence,1890
94,"103 Pierson Dr , Pennington, NJ 08534-1923 is currently not for sale. The 3,144 sq. ft. single-family home is a 4 bed, 3.0 bath property. This home was built in 2004 and last sold on 7/15/2020 for $735,000. View more property details, sales history and Zestimate data on Zillow.","1,895",07/15/20,"$735,000",Pennington,1.10 Acres,3.0,8534,NJ,107 Pierson Dr,"103 Pierson Dr, Pennington, NJ 08534 | Zillow",Single Family Residence,2004
95,"12 Temple Ct , Pennington, NJ 08534-5150 is currently not for sale. The 2,230 sq. ft. single-family home is a 3 bed, 2.0 bath property. This home was built in 1997 and last sold on 7/14/2020 for $420,000. View more property details, sales history and Zestimate data on Zillow.","1,856",07/14/20,"$420,000",Pennington,"7,405 sqft",,8534,NJ,10 Temple Ct,"12 Temple Ct, Pennington, NJ 08534 | Zillow",Single Family Residence,1997
96,"332 Watkins Rd , Pennington, NJ 08534-5179 is currently not for sale. The 3,200 sq. ft. townhouse is a 3 bed, 4.0 bath unit. This townhouse was built in 1997 and last sold on 7/14/2020 for $425,000. View more property details, sales history and Zestimate data on Zillow.",,07/14/20,"$425,000",Pennington,No Data,3.0,8534,NJ,334 Watkins Rd,"332 Watkins Rd, Pennington, NJ 08534 | Zillow",Townhouse,1997
97,"18 Baker Way , Pennington, NJ 08534-4013 is currently not for sale. The 4,781 sq. ft. single-family home is a 4 bed, 6.0 bath property. This home was built in 2004 and last sold on 7/14/2020 for $755,000. View more property details, sales history and Zestimate data on Zillow.","5,420",07/14/20,"$755,000",Pennington,2.84 Acres,,8534,NJ,16 Baker Way,"18 Baker Way, Pennington, NJ 08534 | Zillow",Single Family Residence,2004
98,"14 Timberlane Dr , Pennington, NJ 08534-1403 is currently not for sale. The sq. ft. single-family home is a 4 bed, 3.0 bath property. This home was built in 1962 and last sold on 7/13/2020 for $475,000. View more property details, sales history and Zestimate data on Zillow.","1,548",07/13/20,"$475,000",Pennington,0.78 Acres,,8534,NJ,16 Timberlane Dr,"14 Timberlane Dr, Pennington, NJ 08534 | Zillow",SingleFamily,1962
99,"3 Orchard Ave , Pennington, NJ 08534-5211 is currently not for sale. The 1,627 sq. ft. single-family home is a 3 bed, 2.0 bath property. This home was built in 1957 and last sold on 6/5/2020 for $310,000. View more property details, sales history and Zestimate data on Zillow.","1,764",06/05/20,"$310,000",Pennington,0.34 Acres,5.0,8534,NJ,9 Orchard Ave,"3 Orchard Ave, Pennington, NJ 08534 | Zillow",Single Family Residence,1957
100,"48 E Curlis Ave , Pennington, NJ 08534-3311 is currently not for sale. The 3,040 sq. ft. single-family home is a 5 bed, 3.0 bath property. This home was built in 1955 and last sold on 6/4/2020 for $540,000. View more property details, sales history and Zestimate data on Zillow.",,06/04/20,"$540,000",Pennington,0.38 Acres,,8534,NJ,48 E Curlis Ave,"48 E Curlis Ave, Pennington, NJ 08534 | Zillow",Single Family Residence,1955
101,"15 Cheyenne Dr , Pennington, NJ 08534-5124 is currently not for sale. The 5,600 sq. ft. single-family home is a 4 bed, 5.0 bath property. This home was built in 2001 and last sold on 5/29/2020 for $874,000. View more property details, sales history and Zestimate data on Zillow.","3,123",05/29/20,"$874,000",Pennington,2.44 Acres,,8534,NJ,17 Cheyenne Dr,"15 Cheyenne Dr, Pennington, NJ 08534 | Zillow",Single Family Residence,2001
102,"32 Burd Rd , Pennington, NJ 08534-3901 is currently not for sale. The 1,608 sq. ft. single-family home is a 3 bed, 2.0 bath property. This home was built in 1965 and last sold on 5/29/2020 for $325,000. View more property details, sales history and Zestimate data on Zillow.","1,524",05/29/20,"$325,000",Pennington,0.67 Acres,,8534,NJ,30 Burd Rd,"32 Burd Rd, Pennington, NJ 08534 | Zillow",Single Family Residence,1965
103,"168 Coburn Rd , Pennington, NJ 08534-5144 is currently not for sale. The 1,828 sq. ft. townhouse is a 2 bed, 3.0 bath unit. This townhouse was built in 1997 and last sold on 5/22/2020 for $325,000. View more property details, sales history and Zestimate data on Zillow.","1,828",05/22/20,"$325,000",Pennington,No Data,2.0,8534,NJ,166 Coburn Rd,"168 Coburn Rd, Pennington, NJ 08534 | Zillow",Townhouse,1997
104,"28 Orchard Ave , Pennington, NJ 08534-5212 is currently not for sale. The 1,305 sq. ft. single-family home is a 3 bed, 2.0 bath property. This home was built in 1957 and last sold on 5/21/2020 for $327,500. View more property details, sales history and Zestimate data on Zillow.","1,469",05/21/20,"$327,500",Pennington,0.57 Acres,,8534,NJ,30 Orchard Ave,"28 Orchard Ave, Pennington, NJ 08534 | Zillow",Single Family Residence,1957
105,"27 Temple Ct , Pennington, NJ 08534-5151 is currently not for sale. The 1,920 sq. ft. single-family home is a bed, bath property. This home was built in 1997 and last sold on 5/20/2020 for $369,500. View more property details, sales history and Zestimate data on Zillow.","1,870",05/20/20,"$369,500",Pennington,"9,147 sqft",3.0,8534,NJ,29 Temple Ct,"27 Temple Ct, Pennington, NJ 08534 | Zillow",SingleFamily,1997
106,"1 Moorhead Dr , Pennington, NJ 08534-1700 is currently not for sale. The 5,052 sq. ft. single-family home is a bed, bath property. This home was built in 2000 and last sold on 5/20/2020 for $2,740,362. View more property details, sales history and Zestimate data on Zillow.","1,672",05/20/20,"$2,740,362",Pennington,2.50 Acres,3.0,8534,NJ,206 Penn View Dr,"1 Moorhead Dr, Pennington, NJ 08534 | Zillow",SingleFamily,2000
107,"215 Brinley Dr , Pennington, NJ 08534-5190 is currently not for sale. The sq. ft. single-family home is a 3 bed, 3.0 bath property. This home was built in 2004 and last sold on 5/18/2020 for $389,900. View more property details, sales history and Zestimate data on Zillow.","1,960",05/18/20,"$389,900",Pennington,No Data,3.0,8534,NJ,211 Brinley Dr,"215 Brinley Dr, Pennington, NJ 08534 | Zillow",Single Family Residence,2004
108,"111 Search Ave , Pennington, NJ 08534-3512 is currently not for sale. The sq. ft. single-family home is a 4 bed, 1.0 bath property. This home was built in 1935 and last sold on 3/23/2020 for $330,000. View more property details, sales history and Zestimate data on Zillow.","1,839",03/23/20,"$330,000",Pennington,0.45 Acres,,8534,NJ,109 Search Ave,"111 Search Ave, Pennington, NJ 08534 | Zillow",Single Family Residence,1935
109,"100 Marsh Corner Woodsvl Rd , Hopewell, NJ 08525 is currently not for sale. The 1,680 sq. ft. single-family home is a bed, bath property. This home was built in 1965 and last sold on 3/19/2020 for $425,000. View more property details, sales history and Zestimate data on Zillow.","1,680",03/19/20,"$425,000",Hopewell,2 Acres,3.0,8525,NJ,100 Marshall Corner Woodsville Rd,"100 Marsh Corner Woodsvl Rd, Hopewell, NJ 08525 | Zillow",SingleFamily,1965
110,"32 Lake Baldwin Dr , Pennington, NJ 08534-4312 is currently not for sale. The sq. ft. single-family home is a 4 bed, 4.0 bath property. This home was built in 2002 and last sold on 3/19/2020 for $645,000. View more property details, sales history and Zestimate data on Zillow.","3,336",03/19/20,"$645,000",Pennington,3.05 Acres,4.0,8534,NJ,30 Lake Baldwin Dr,"32 Lake Baldwin Dr, Pennington, NJ 08534 | Zillow",SingleFamily,2002
111,"106 Castleton Ct , Pennington, NJ 08534-1994 is currently not for sale. The 850 sq. ft. condo is a 2 bed, 1.0 bath unit. This condo was built in 1994 and last sold on 3/17/2020 for $53,000. View more property details, sales history and Zestimate data on Zillow.",850,03/17/20,"$53,000",Pennington,,,8534,NJ,206 Castleton Ct,"106 Castleton Ct, Pennington, NJ 08534 | Zillow",Condominium,1994
112,"441 Sked St , Pennington, NJ 08534-2726 is currently not for sale. The 2,113 sq. ft. single-family home is a 4 bed, 4.0 bath property. This home was built in 2004 and last sold on 3/13/2020 for $735,000. View more property details, sales history and Zestimate data on Zillow.",,03/13/20,"$735,000",Pennington,0.28 Acres,4.0,8534,NJ,439 Sked St,"441 Sked St, Pennington, NJ 08534 | Zillow",Single Family Residence,2004
113,"207 Penn Rocky Hill Rd , Pennington, NJ 08534 is currently not for sale. The 2,555 sq. ft. single-family home is a 4 bed, 2.0 bath property. This home was built in 1975 and last sold on 3/9/2020 for $463,000. View more property details, sales history and Zestimate data on Zillow.","2,555",03/09/20,"$463,000",Pennington,1.62 Acres,4.0,8534,NJ,207 Pennington Rocky Hill Rd,"207 Penn Rocky Hill Rd, Pennington, NJ 08534 | Zillow",Detached,1975
114,"306 Penn Harbourton Rd , Pennington, NJ 08534 is currently not for sale. The 878 sq. ft. single-family home is a bed, bath property. This home was built in 1939 and last sold on 3/6/2020 for $213,500. View more property details, sales history and Zestimate data on Zillow.","3,116",03/06/20,"$213,500",Pennington,7 Acres,,8534,NJ,310 Penn Harbourton Rd,"306 Penn Harbourton Rd, Pennington, NJ 08534 | Zillow",SingleFamily,1939
115,"2405 Pennington Rd , Pennington, NJ 08534-5215 is currently not for sale. The sq. ft. single-family home is a 3 bed, 2.0 bath property. This home was built in 1918 and last sold on 3/3/2020 for $241,500. View more property details, sales history and Zestimate data on Zillow.","1,524",03/03/20,"$241,500",Pennington,0.58 Acres,3.0,8534,NJ,2399 Pennington Rd,"2405 Pennington Rd, Pennington, NJ 08534 | Zillow",Single Family Residence,1918
116,"221 S Main St , Pennington, NJ 08534-2826 is a single-family home listed for-sale at $475,000. The 2,087 sq. ft. home is a 5 bed, 3.0 bath property. Find 12 photos of the 221 S Main St home on Zillow. View more property details, sales history and Zestimate data on Zillow. MLS # NJME299386","2,087",,Sold,Pennington,0.33 Acres,5.0,8534,NJ,221 S Main St,"221 S Main St, Pennington, NJ 08534 | MLS #NJME299386 | Zillow",Single Family Residence,1898
117,"286 Wargo Rd , Pennington, NJ 08534-1825 is currently not for sale. The 2,008 sq. ft. single-family home is a 4 bed, 3.0 bath property. This home was built in 1972 and last sold on 1/10/2020 for $449,000. View more property details, sales history and Zestimate data on Zillow.","1,924",01/10/20,"$449,000",Pennington,1.29 Acres,4.0,8534,NJ,288 Wargo Rd,"286 Wargo Rd, Pennington, NJ 08534 | Zillow",Single Family Residence,1972
118,"41 Baldwin St , Pennington, NJ 08534-3303 is currently not for sale. The sq. ft. single-family home is a 3 bed, 3.0 bath property. This home was built in 1986 and last sold on 1/10/2020 for $590,000. View more property details, sales history and Zestimate data on Zillow.","2,841",01/10/20,"$590,000",Pennington,0.55 Acres,,8534,NJ,39 Baldwin St,"41 Baldwin St, Pennington, NJ 08534 | Zillow",SingleFamily,1986
119,"28 Wash Cross Penn Rd , Pennington, NJ 08534 is currently not for sale. The 1,200 sq. ft. single-family home is a bed, bath property. This home was built in 1956 and last sold on 12/31/2019 for $251,800. View more property details, sales history and Zestimate data on Zillow.","1,732",12/31/19,"$251,800",Pennington,0.46 Acres,,8534,NJ,30 Wash Cross Penn Rd,"28 Wash Cross Penn Rd, Pennington, NJ 08534 | Zillow",SingleFamily,1956
120,"30 W Delaware Ave , Pennington, NJ 08534-2201 is currently not for sale. The sq. ft. single-family home is a 4 bed, 3.0 bath property. This home was built in 1843 and last sold on 12/31/2019 for $715,000. View more property details, sales history and Zestimate data on Zillow.","1,493",12/31/19,"$715,000",Pennington,"8,712 sqft",3.0,8534,NJ,7 Burd St,"30 W Delaware Ave, Pennington, NJ 08534 | Zillow",Single Family Residence,1843
121,"63 Lexington Dr , Pennington, NJ 08534-5169 is currently not for sale. The sq. ft. single-family home is a 4 bed, 3.0 bath property. This home was built in 2004 and last sold on 12/30/2019 for $470,000. View more property details, sales history and Zestimate data on Zillow.","2,591",12/30/19,"$470,000",Pennington,"6,534 sqft",,8534,NJ,61 Lexington Dr,"63 Lexington Dr, Pennington, NJ 08534 | Zillow",Single Family Residence,2004
122,"9 Rosedale Way , Pennington, NJ 08534-9740 is currently not for sale. The 5,001 sq. ft. single-family home is a 5 bed, 4.0 bath property. This home was built in 1996 and last sold on 12/30/2019 for $829,900. View more property details, sales history and Zestimate data on Zillow.","4,504",12/30/19,"$829,900",Pennington,1.97 Acres,5.0,8534,NJ,8 Rosedale Way,"9 Rosedale Way, Pennington, NJ 08534 | Zillow",Single Family Residence,1996
123,"9 Tucker Way # B, Pennington, NJ 08534-3114 is currently not for sale. The vacant lot last sold on 12/27/2019 for $174,000, with a recorded lot size of acres ( sq. ft.). View more property details, sales history and Zestimate data on Zillow.","2,488",12/27/19,"$174,000",Pennington,,3.0,8534,NJ,14 Tucker Way,"9 Tucker Way #B, Pennington, NJ 08534 | Zillow",VacantLand,No Data
124,"Route 31 N , Pennington, NJ 08534 is currently not for sale. The vacant lot last sold on 12/27/2019 for $3,500,000, with a recorded lot size of acres ( sq. ft.). View more property details, sales history and Zestimate data on Zillow.",,12/27/19,"$3,500,000",Hopewell Twp,,,8534,NJ,127 Route 31,"Route 31 N, Pennington, NJ 08534 | Zillow",VacantLand,No Data
125,"160 Penn Harbourton Rd , Pennington, NJ 08534 is currently not for sale. The vacant lot last sold on 12/27/2019 for $3,500,000, with a recorded lot size of acres ( sq. ft.). View more property details, sales history and Zestimate data on Zillow.","1,662",12/27/19,"$3,500,000",Pennington,,,8534,NJ,158 Penn Harbourton Rd,"160 Penn Harbourton Rd, Pennington, NJ 08534 | Zillow",VacantLand,No Data
126,"5 Avalon Rd , Pennington, NJ 08534-5160 is currently not for sale. The 2,600 sq. ft. single-family home is a 4 bed, 3.0 bath property. This home was built in 1997 and last sold on 11/18/2019 for $540,000. View more property details, sales history and Zestimate data on Zillow.","2,464",11/18/19,"$540,000",Pennington,0.40 Acres,,8534,NJ,3 Avalon Rd,"5 Avalon Rd, Pennington, NJ 08534 | Zillow",Single Family Residence,1997
127,"106 Treymore Ct , Pennington, NJ 08534-1946 is currently not for sale. The 1,908 sq. ft. townhouse is a 3 bed, 3.0 bath unit. This townhouse was built in 1994 and last sold on 11/18/2019 for $342,000. View more property details, sales history and Zestimate data on Zillow.","1,908",11/18/19,"$342,000",Pennington,No Data,3.0,8534,NJ,104 Treymore Ct,"106 Treymore Ct, Pennington, NJ 08534 | Zillow",Townhouse,1994
128,"12 W Franklin Ave , Pennington, NJ 08534-2211 is currently not for sale. The 2,508 sq. ft. single-family home is a 4 bed, 2.0 bath property. This home was built in 1875 and last sold on 11/15/2019 for $301,000. View more property details, sales history and Zestimate data on Zillow.","2,476",11/15/19,"$301,000",Pennington,"6,098 sqft",4.0,8534,NJ,14 W Franklin Ave,"12 W Franklin Ave, Pennington, NJ 08534 | Zillow",Single Family Residence,1875
129,"5 Wyckoff Dr , Pennington, NJ 08534-5406 is currently not for sale. The sq. ft. single-family home is a 4 bed, 3.0 bath property. This home was built in 1993 and last sold on 11/15/2019 for $625,000. View more property details, sales history and Zestimate data on Zillow.","2,462",11/15/19,"$625,000",Pennington,0.35 Acres,4.0,8534,NJ,3 Wyckoff Dr,"5 Wyckoff Dr, Pennington, NJ 08534 | Zillow",Single Family Residence,1993
130,"134 Shrewsbury Ct , Pennington, NJ 08534-1910 is a townhouse listed for rent at $2,700/mo. The 1,904 sq. ft. townhouse is a 3 bed, 3.0 bath unit. Find 15 photos of the 134 Shrewsbury Ct townhouse on Zillow. View more property details, sales history and Zestimate data on Zillow.","1,904",,,Pennington,,3.0,8534,NJ,134 Shrewsbury Ct,"134 Shrewsbury Ct, Pennington, NJ 08534 | Zillow",Townhouse,
131,"12 Old Mill Rd , Pennington, NJ 08534-2127 is currently not for sale. The sq. ft. single-family home is a 3 bed, 2.0 bath property. This home was built in 1965 and last sold on 11/13/2019 for $434,000. View more property details, sales history and Zestimate data on Zillow.",,11/13/19,"$434,000",Pennington,1.69 Acres,,8534,NJ,12 Old Mill Rd,"12 Old Mill Rd, Pennington, NJ 08534 | Zillow",Single Family Residence,1965
132,"125 Voorhees Ave , Pennington, NJ 08534-2738 is currently not for sale. The 1,344 sq. ft. single-family home is a 3 bed, 2.0 bath property. This home was built in 1920 and last sold on 11/12/2019 for $395,000. View more property details, sales history and Zestimate data on Zillow.","2,379",11/12/19,"$395,000",Pennington,0.32 Acres,,8534,NJ,123 Voorhees Ave,"125 Voorhees Ave, Pennington, NJ 08534 | Zillow",Single Family Residence,1920
133,"304 Pennington Harbourton Rd , Pennington, NJ 08534-4008 is currently not for sale. The sq. ft. single-family home is a 5 bed, 5.0 bath property. This home was built in 1949 and last sold on 11/8/2019 for $999,000. View more property details, sales history and Zestimate data on Zillow.",878,11/08/19,"$999,000",Pennington,10.58 Acres,2.0,8534,NJ,306 Pennington Harbourton Rd,"304 Pennington Harbourton Rd, Pennington, NJ 08534 | Zillow",Single Family Residence,1949
134,"108 Lewis Brook Rd , Pennington, NJ 08534-1911 is currently not for sale. The 2,667 sq. ft. single-family home is a 4 bed, 4.0 bath property. This home was built in 1969 and last sold on 11/8/2019 for $540,000. View more property details, sales history and Zestimate data on Zillow.","1,977",11/08/19,"$540,000",Pennington,0.56 Acres,,8534,NJ,106 Lewis Brook Rd,"108 Lewis Brook Rd, Pennington, NJ 08534 | Zillow",Single Family Residence,1969
135,"128 Coburn Rd , Pennington, NJ 08534-5142 is currently not for sale. The 1,828 sq. ft. townhouse is a 2 bed, 3.0 bath unit. This townhouse was built in 1997 and last sold on 9/27/2019 for $349,000. View more property details, sales history and Zestimate data on Zillow.","1,828",09/27/19,"$349,000",Pennington,No Data,2.0,8534,NJ,126 Coburn Rd,"128 Coburn Rd, Pennington, NJ 08534 | Zillow",Townhouse,1997
136,"101 Lewis Brook Rd , Pennington, NJ 08534-1909 is currently not for sale. The 2,632 sq. ft. single-family home is a 3 bed, 3.0 bath property. This home was built in 1968 and last sold on 9/27/2019 for $560,000. View more property details, sales history and Zestimate data on Zillow.","2,088",09/27/19,"$560,000",Pennington,0.72 Acres,,8534,NJ,51 Eglantine Ave,"101 Lewis Brook Rd, Pennington, NJ 08534 | Zillow",Single Family Residence,1968
137,"707 Pebble Creek Ct , Pennington, NJ 08534-1954 is currently not for sale. The 1,908 sq. ft. townhouse is a 3 bed, 3.0 bath unit. This townhouse was built in 1994 and last sold on 9/27/2019 for $315,000. View more property details, sales history and Zestimate data on Zillow.","1,908",09/27/19,"$315,000",Pennington,No Data,,8534,NJ,509 Pebble Creek Ct,"707 Pebble Creek Ct, Pennington, NJ 08534 | Zillow",Townhouse,1994
138,"166 Coburn Rd , Pennington, NJ 08534-5144 is currently not for sale. The 1,828 sq. ft. townhouse is a 2 bed, 3.0 bath unit. This townhouse was built in 1997 and last sold on 9/26/2019 for $335,000. View more property details, sales history and Zestimate data on Zillow.","1,828",09/26/19,"$335,000",Pennington,No Data,2.0,8534,NJ,168 Coburn Rd,"166 Coburn Rd, Pennington, NJ 08534 | Zillow",Townhouse,1997
139,"127 W Franklin Ave , Pennington, NJ 08534-1406 is currently not for sale. The 2,309 sq. ft. single-family home is a 1 bed, 2.0 bath property. This home was built in 1895 and last sold on 9/26/2019 for $259,000. View more property details, sales history and Zestimate data on Zillow.","2,500",09/26/19,"$259,000",Pennington,0.52 Acres,4.0,8534,NJ,131 W Franklin Ave,"127 W Franklin Ave, Pennington, NJ 08534 | Zillow",Single Family Residence,1895
140,"8 Rosedale Way , Pennington, NJ 08534-9739 is currently not for sale. The 4,504 sq. ft. single-family home is a 5 bed, 5.0 bath property. This home was built in 2000 and last sold on 9/25/2019 for $845,000. View more property details, sales history and Zestimate data on Zillow.","5,001",09/25/19,"$845,000",Pennington,1.96 Acres,5.0,8534,NJ,9 Rosedale Way,"8 Rosedale Way, Pennington, NJ 08534 | Zillow",Single Family Residence,2000
141,"139 Coburn Rd , Pennington, NJ 08534-5145 is a townhouse unit listed for-sale at $400,000. The 1,828 sq. ft. townhouse is a 2 bed, 3.0 bath unit. Find 16 photos of the 139 Coburn Rd townhouse on Zillow. View more property details, sales history and Zestimate data on Zillow. MLS # NJME312784","1,828",,Sold,Pennington,No Data,2.0,8534,NJ,139 Coburn Rd,"139 Coburn Rd, Pennington, NJ 08534 | MLS #NJME312784 | Zillow",Townhouse,1997
142,"156 Shrewsbury Ct , Pennington, NJ 08534-5411 is currently not for sale. The 1,100 sq. ft. townhouse is a 2 bed, 2.0 bath unit. This townhouse was built in 1994 and last sold on 9/18/2019 for $84,646. View more property details, sales history and Zestimate data on Zillow.","1,100",09/18/19,"$84,646",Pennington,No Data,,8534,NJ,158 Shrewsbury Ct,"156 Shrewsbury Ct, Pennington, NJ 08534 | Zillow",Townhouse,1994
143,"275 Penn Harbourton Rd , Pennington, NJ 08534 is currently not for sale. The 1,608 sq. ft. single-family home is a bed, bath property. This home was built in 1958 and last sold on 9/17/2019 for $360,000. View more property details, sales history and Zestimate data on Zillow.","2,066",09/17/19,"$360,000",Pennington,0.78 Acres,,8534,NJ,273 Penn Harbourton Rd,"275 Penn Harbourton Rd, Pennington, NJ 08534 | Zillow",SingleFamily,1958
144,"403 Burd St , Pennington, NJ 08534-2702 is currently not for sale. The 1,776 sq. ft. single-family home is a 3 bed, 2.0 bath property. This home was built in 1952 and last sold on 8/6/2019 for $480,000. View more property details, sales history and Zestimate data on Zillow.","2,496",08/06/19,"$480,000",Pennington,0.34 Acres,,8534,NJ,4 W Welling Ave,"403 Burd St, Pennington, NJ 08534 | Zillow",Single Family Residence,1952
145,"6 Fabian Pl , Pennington, NJ 08534-1087 is currently not for sale. The 2,424 sq. ft. single-family home is a 4 bed, 4.0 bath property. This home was built in 1997 and last sold on 8/6/2019 for $502,000. View more property details, sales history and Zestimate data on Zillow.","2,778",08/06/19,"$502,000",Pennington,"10,018 sqft",4.0,8534,NJ,8 Fabian Pl,"6 Fabian Pl, Pennington, NJ 08534 | Zillow",Single Family Residence,1997
146,"3 Cannon Dr , Pennington, NJ 08534-3115 is currently not for sale. The 2,330 sq. ft. townhouse is a 3 bed, 3.0 bath unit. This townhouse was built in 2018 and last sold on 8/6/2019 for $438,522. View more property details, sales history and Zestimate data on Zillow.","2,490",08/06/19,"$438,522",Pennington,"2,091 sqft",,8534,NJ,24 Old Foundry Dr,"3 Cannon Dr, Pennington, NJ 08534 | Zillow",Townhouse,2018
147,"416 Burd St , Pennington, NJ 08534-2701 is currently not for sale. The 1,536 sq. ft. single-family home is a 4 bed, 2.0 bath property. This home was built in 1945 and last sold on 8/5/2019 for $415,000. View more property details, sales history and Zestimate data on Zillow.","2,348",08/05/19,"$415,000",Pennington,0.41 Acres,4.0,8534,NJ,418 Burd St,"416 Burd St, Pennington, NJ 08534 | Zillow",Single Family Residence,1945
148,"127 Newman Ct , Pennington, NJ 08534-5198 is currently not for sale. The 1,594 sq. ft. single-family home is a 3 bed, 3.0 bath property. This home was built in 2005 and last sold on 8/5/2019 for $369,900. View more property details, sales history and Zestimate data on Zillow.","2,312",08/05/19,"$369,900",Pennington,No Data,3.0,8534,NJ,125 Newman Ct,"127 Newman Ct, Pennington, NJ 08534 | Zillow",SingleFamily,2005
149,"108 Gentry Ct , Pennington, NJ 08534-5250 is currently not for sale. The 670 sq. ft. condo is a bed, bath unit. This condo was built in 1994 and last sold on 8/2/2019 for $71,297. View more property details, sales history and Zestimate data on Zillow.",670,08/02/19,"$71,297",Pennington,,1.0,8534,NJ,208 Gentry Ct,"108 Gentry Ct, Pennington, NJ 08534 | Zillow",Condo,1994
150,"24 Chicory Ln , Pennington, NJ 08534-5423 is currently not for sale. The sq. ft. single-family home is a 4 bed, 3.0 bath property. This home was built in 1993 and last sold on 8/2/2019 for $625,000. View more property details, sales history and Zestimate data on Zillow.","2,462",08/02/19,"$625,000",Pennington,0.31 Acres,,8534,NJ,22 Chicory Ln,"24 Chicory Ln, Pennington, NJ 08534 | Zillow",Single Family Residence,1993
151,"212 N Main St , Pennington, NJ 08534-2222 is currently not for sale. The 2,385 sq. ft. single-family home is a 5 bed, 3.0 bath property. This home was built in 1924 and last sold on 8/2/2019 for $480,000. View more property details, sales history and Zestimate data on Zillow.","1,725",08/02/19,"$480,000",Pennington,0.40 Acres,,8534,NJ,210 N Main St,"212 N Main St, Pennington, NJ 08534 | Zillow",Single Family Residence,1924
152,"107 Weldon Way , Pennington, NJ 08534-1828 is currently not for sale. The 2,344 sq. ft. single-family home is a 4 bed, 3.0 bath property. This home was built in 1973 and last sold on 8/1/2019 for $510,000. View more property details, sales history and Zestimate data on Zillow.","2,800",08/01/19,"$510,000",Pennington,0.72 Acres,4.0,8534,NJ,102 Drummond Dr,"107 Weldon Way, Pennington, NJ 08534 | Zillow",Detached,1973
153,"20 Academy Ct , Pennington, NJ 08534-2833 is currently not for sale. The 1,902 sq. ft. townhouse is a 3 bed, 3.0 bath unit. This townhouse was built in 1986 and last sold on 7/5/2019 for $281,000. View more property details, sales history and Zestimate data on Zillow.","1,152",07/05/19,"$281,000",Pennington,No Data,2.0,8534,NJ,19 Academy Ct,"20 Academy Ct, Pennington, NJ 08534 | Zillow",Townhouse,1986
154,"8 Academy Ct , Pennington, NJ 08534-2832 is currently not for sale. The 1,034 sq. ft. condo is a 1 bed, 1.0 bath unit. This condo was built in 1986 and last sold on 7/5/2019 for $215,000. View more property details, sales history and Zestimate data on Zillow.",819,07/05/19,"$215,000",Pennington,,,8534,NJ,10 Academy Ct,"8 Academy Ct, Pennington, NJ 08534 | Zillow",Condo,1986
155,"42 Brewster Ct , Pennington, NJ 08534-1068 is currently not for sale. The 1,409 sq. ft. single-family home is a 2 bed, 2.0 bath property. This home was built in 1998 and last sold on 7/3/2019 for $305,000. View more property details, sales history and Zestimate data on Zillow.","2,094",07/03/19,"$305,000",Pennington,"7,405 sqft",,8534,NJ,44 Brewster Ct,"42 Brewster Ct, Pennington, NJ 08534 | Zillow",SingleFamily,1998
156,"2 Voorhees Way , Pennington, NJ 08534-4313 is currently not for sale. The 4,432 sq. ft. single-family home is a 4 bed, 4.0 bath property. This home was built in 1998 and last sold on 7/2/2019 for $640,000. View more property details, sales history and Zestimate data on Zillow.","3,782",07/02/19,"$640,000",Pennington,1.93 Acres,4.0,8534,NJ,4 Voorhees Way,"2 Voorhees Way, Pennington, NJ 08534 | Zillow",SingleFamily,1998
157,"14 Penn Lawrenceville Rd , Pennington, NJ 08534 is currently not for sale. The 2,128 sq. ft. single-family home is a 4 bed, 3.0 bath property. This home was built in 1963 and last sold on 7/2/2019 for $425,000. View more property details, sales history and Zestimate data on Zillow.",,07/02/19,"$425,000",Pennington,0.79 Acres,,8534,NJ,14 Pennington Lawrenceville Rd,"14 Penn Lawrenceville Rd, Pennington, NJ 08534 | Zillow",SingleFamily,1963
158,"2 Pine Tavern Ct , Pennington, NJ 08534-2516 is currently not for sale. The 3,616 sq. ft. single-family home is a 5 bed, 4.0 bath property. This home was built in 1997 and last sold on 7/2/2019 for $725,000. View more property details, sales history and Zestimate data on Zillow.","4,494",07/02/19,"$725,000",Pennington,2.15 Acres,,8534,NJ,7 Glenwood Dr,"2 Pine Tavern Ct, Pennington, NJ 08534 | Zillow",SingleFamily,1997
159,"Zillow has 0 photos of this $545000 0 bed, bath, sqft single family home located at 21 Brookside Ave built in 2004. MLS #.","1,616",07/01/19,"$545,000",Pennington,,,8534,NJ,5 Brookside Ave,"21 Brookside Ave, Pennington, NJ 08534 | Zillow",MultiFamily,2004
160,"Zillow has 0 photos of this $545000 bed, bath, sqft single family home located at 21 Brookside Ave built in. MLS #.",,07/01/19,"$545,000",Pennington,,1.0,8534,NJ,21 Brookside Ave #UNIT 2,"21 Brookside Ave, Pennington, NJ 08534 | Zillow",Unknown,No Data
161,"107 Jamieson Dr , Pennington, NJ 08534-1907 is currently not for sale. The 2,800 sq. ft. single-family home is a 5 bed, 3.0 bath property. This home was built in 1970 and last sold on 6/27/2019 for $600,000. View more property details, sales history and Zestimate data on Zillow.","2,560",06/27/19,"$600,000",Pennington,0.64 Acres,4.0,8534,NJ,100 Hessian Hill Dr,"107 Jamieson Dr, Pennington, NJ 08534 | Zillow",SingleFamily,1970
162,"901 Pebble Creek Ct , Pennington, NJ 08534-1948 is currently not for sale. The 2,052 sq. ft. condo is a 3 bed, 3.0 bath unit. This condo was built in 1994 and last sold on 5/24/2019 for $338,000. View more property details, sales history and Zestimate data on Zillow.","1,477",05/24/19,"$338,000",Pennington,,3.0,8534,NJ,903 Pebble Creek Ct,"901 Pebble Creek Ct, Pennington, NJ 08534 | Zillow",Condo,1994
163,"91 Knox Ct , Pennington, NJ 08534-5167 is currently not for sale. The 1,800 sq. ft. townhouse is a 3 bed, 3.0 bath unit. This townhouse was built in 2003 and last sold on 5/21/2019 for $364,000. View more property details, sales history and Zestimate data on Zillow.","2,255",05/21/19,"$364,000",Pennington,No Data,4.0,8534,NJ,93 Knox Ct,"91 Knox Ct, Pennington, NJ 08534 | Zillow",Townhouse,2003
164,"3 Fitzcharles Dr , Pennington, NJ 08534 is currently not for sale. The 6,358 sq. ft. single-family home is a 5 bed, 5.0 bath property. This home was built in 1820 and last sold on 5/17/2019 for $775,000. View more property details, sales history and Zestimate data on Zillow.","3,472",05/17/19,"$775,000",Pennington,2.35 Acres,5.0,8534,NJ,4 Fitzcharles Dr,"3 Fitzcharles Dr, Pennington, NJ 08534 | Zillow",SingleFamily,1820
165,"641 Scotch Rd , Pennington, NJ 08534-4114 is currently not for sale. The 1,508 sq. ft. single-family home is a 3 bed, 2.0 bath property. This home was built in 1955 and last sold on 5/16/2019 for $337,500. View more property details, sales history and Zestimate data on Zillow.","1,773",05/16/19,"$337,500",Pennington,0.64 Acres,,8534,NJ,639 Scotch Rd,"641 Scotch Rd, Pennington, NJ 08534 | Zillow",SingleFamily,1955
166,"129 E Delaware Ave , Pennington, NJ 08534-2304 is currently not for sale. The 3,616 sq. ft. single-family home is a 5 bed, 3.0 bath property. This home was built in 1929 and last sold on 5/16/2019 for $698,500. View more property details, sales history and Zestimate data on Zillow.","2,197",05/16/19,"$698,500",Pennington,0.52 Acres,,8534,NJ,131 E Delaware Ave,"129 E Delaware Ave, Pennington, NJ 08534 | Zillow",SingleFamily,1929
167,"17 Orchard Ave , Pennington, NJ 08534-5211 is currently not for sale. The 1,837 sq. ft. single-family home is a 3 bed, 3.0 bath property. This home was built in 1961 and last sold on 5/16/2019 for $300,000. View more property details, sales history and Zestimate data on Zillow.","1,584",05/16/19,"$300,000",Pennington,0.84 Acres,4.0,8534,NJ,15 Orchard Ave,"17 Orchard Ave, Pennington, NJ 08534 | Zillow",SingleFamily,1961
168,"Zillow has 0 photos of this $507000 4 bed, 2.0 bath, 2400 sqft single family home located at 116-118 S Main St built in 1880. MLS #.",,05/15/19,"$507,000",Pennington,,2.0,8534,NJ,118 S Main St,"116-118 S Main St, Pennington, NJ 08534 | Zillow",MultiFamily,1880
169,"11 Academy Ct , Pennington, NJ 08534-2832 is currently not for sale. The 704 sq. ft. condo is a 1 bed, 1.0 bath unit. This condo was built in 1986 and last sold on 5/13/2019 for $197,000. View more property details, sales history and Zestimate data on Zillow.",810,05/13/19,"$197,000",Pennington,,,8534,NJ,9 Academy Ct,"11 Academy Ct, Pennington, NJ 08534 | Zillow",Condo,1986
170,"709 Deer Run Ct , Pennington, NJ 08534-5233 is currently not for sale. The 2,394 sq. ft. townhouse is a 3 bed, 2.5 bath unit. This townhouse was built in 1994 and last sold on 5/11/2019 for $99,000. View more property details, sales history and Zestimate data on Zillow.","1,908",05/11/19,"$99,000",Pennington,No Data,3.0,8534,NJ,707 Deer Run Ct,"709 Deer Run Ct, Pennington, NJ 08534 | Zillow",Townhouse,1994
171,"3 Park Ave , Pennington, NJ 08534-2314 is currently not for sale. The 1,656 sq. ft. single-family home is a 3 bed, 1.0 bath property. This home was built in 1950 and last sold on 4/3/2019 for $399,000. View more property details, sales history and Zestimate data on Zillow.","1,752",04/03/19,"$399,000",Pennington,0.35 Acres,,8534,NJ,5 Park Ave,"3 Park Ave, Pennington, NJ 08534 | Zillow",SingleFamily,1950
172,"86 Federal City Rd , Trenton, NJ 08648-1506 is currently not for sale. The vacant lot last sold on 4/3/2019 for $302,000, with a recorded lot size of acres ( sq. ft.). View more property details, sales history and Zestimate data on Zillow.","2,071",04/03/19,"$302,000",Lawrence Township,,3.0,8648,NJ,86 Federal City Rd,"86 Federal City Rd, Trenton, NJ 08648 | Zillow",VacantLand,No Data
173,"16 Elm Ridge Rd , Pennington, NJ 08534-3003 is currently not for sale. The 2,416 sq. ft. single-family home is a 3 bed, 2.0 bath property. This home was built in 1950 and last sold on 4/1/2019 for $610,000. View more property details, sales history and Zestimate data on Zillow.",,04/01/19,"$610,000",Pennington,14 Acres,,8534,NJ,18 Elm Ridge Rd,"16 Elm Ridge Rd, Pennington, NJ 08534 | Zillow",SingleFamily,1950
174,"423 S Main St , Pennington, NJ 08534-2716 is currently not for sale. The 1,982 sq. ft. single-family home is a 4 bed, 3.0 bath property. This home was built in 1927 and last sold on 3/28/2019 for $470,000. View more property details, sales history and Zestimate data on Zillow.",,03/28/19,"$470,000",Pennington,0.85 Acres,4.0,8534,NJ,421 S Main St,"423 S Main St, Pennington, NJ 08534 | Zillow",SingleFamily,1927
175,"206 Lansdowne Ct , Pennington, NJ 08534-5239 is currently not for sale. The 1,080 sq. ft. condo is a bed, bath unit. This condo was built in 1994 and last sold on 3/27/2019 for $153,000. View more property details, sales history and Zestimate data on Zillow.","1,080",03/27/19,"$153,000",Pennington,,,8534,NJ,106 Lansdowne Ct,"206 Lansdowne Ct, Pennington, NJ 08534 | Zillow",Condo,1994
176,"231 Concord Pl , Pennington, NJ 08534-5264 is currently not for sale. The 1,960 sq. ft. condo is a 3 bed, 3.0 bath unit. This condo was built in 2006 and last sold on 3/27/2019 for $366,000. View more property details, sales history and Zestimate data on Zillow.","1,960",03/27/19,"$366,000",Pennington,,3.0,8534,NJ,229 Concord Pl,"231 Concord Pl, Pennington, NJ 08534 | Zillow",Condo,2006
177,"13 Chadwell Ct , Pennington, NJ 08534-2326 is currently not for sale. The 2,836 sq. ft. single-family home is a 4 bed, 2.5 bath property. This home was built in 1988 and last sold on 3/26/2019 for $849,000. View more property details, sales history and Zestimate data on Zillow.","2,266",03/26/19,"$849,000",Pennington,0.59 Acres,,8534,NJ,15 Chadwell Ct,"13 Chadwell Ct, Pennington, NJ 08534 | Zillow",SingleFamily,1988
178,"254 Penn Harbourton Rd , Pennington, NJ 08534 is currently not for sale. The 1,148 sq. ft. single-family home is a 3 bed, 2.0 bath property. This home was built in 1947 and last sold on 3/25/2019 for $315,000. View more property details, sales history and Zestimate data on Zillow.",,03/25/19,"$315,000",Pennington,1.35 Acres,,8534,NJ,254 Pennington Harbourton Rd,"254 Penn Harbourton Rd, Pennington, NJ 08534 | Zillow",SingleFamily,1947
179,"600 Bollen Ct , Pennington, NJ 08534-5242 is currently not for sale. The 2,052 sq. ft. townhouse is a 3 bed, 3.0 bath unit. This townhouse was built in 1994 and last sold on 3/22/2019 for $358,000. View more property details, sales history and Zestimate data on Zillow.","1,908",03/22/19,"$358,000",Pennington,No Data,3.0,8534,NJ,602 Bollen Ct,"600 Bollen Ct, Pennington, NJ 08534 | Zillow",Townhouse,1994
